{
  "config": {
    "minutes": 2.0,
    "rollout_steps": 128,
    "envs": [
      1,
      2
    ],
    "modes": [
      "capture_on"
    ],
    "policy": [
      "random"
    ],
    "train": [
      "off"
    ],
    "rom": "C:\\Users\\sergey.gromov\\Documents\\AI\\RL_msx\\VAMPIRE.ROM"
  },
  "results": [
    {
      "num_envs": 1,
      "capture_on": true,
      "policy_mode": "random",
      "train_on": false,
      "total_env_steps": 512,
      "wall_time_sec": 129.51721609999368,
      "env_steps_per_sec_total": 3.9531424116212532,
      "env_steps_per_sec_per_env": 3.9531424116212532,
      "update_wall_sec_p50": 31.157723099997384,
      "update_wall_sec_p95": 37.74852939999255,
      "updates_per_minute": 1.8530356914417216,
      "t_action_p50": 42.305800001486205,
      "t_action_p95": 72.89019999734592,
      "t_capture_p50": 180.8877999865217,
      "t_capture_p95": 193.30040000204463,
      "t_reward_p50": 16.572799999266863,
      "t_reward_p95": 22.702899994328618
    },
    {
      "num_envs": 2,
      "capture_on": true,
      "policy_mode": "random",
      "train_on": false,
      "total_env_steps": 512,
      "wall_time_sec": 146.58910769999784,
      "env_steps_per_sec_total": 3.4927560992310176,
      "env_steps_per_sec_per_env": 1.7463780496155088,
      "update_wall_sec_p50": 74.27176560000225,
      "update_wall_sec_p95": 74.27176560000225,
      "updates_per_minute": 0.8186147347702029,
      "t_action_p50": 89.75519999512471,
      "t_action_p95": 120.60170000768267,
      "t_capture_p50": 180.68510000011884,
      "t_capture_p95": 189.50490000133868,
      "t_reward_p50": 13.903400002163835,
      "t_reward_p95": 21.783100004540756
    }
  ],
  "verdict": {
    "code": "S7_METRICS_MISCOUNT",
    "description": "total_env_steps \u043d\u0435 \u0443\u0447\u0438\u0442\u044b\u0432\u0430\u0435\u0442 \u0432\u0441\u0435 env (steps envs=2 \u2248 steps envs=1)",
    "next_actions": [
      "\u041f\u0440\u043e\u0432\u0435\u0440\u0438\u0442\u044c: episode_steps_list \u0438 total_steps \u0441\u0447\u0438\u0442\u0430\u044e\u0442 sum \u043f\u043e \u0432\u0441\u0435\u043c env, \u043d\u0435 \u0442\u043e\u043b\u044c\u043a\u043e env0"
    ]
  }
}